{"stats":{"minecraft:killed":{"minecraft:chicken":1},"minecraft:dropped":{"minecraft:chicken":1,"minecraft:feather":1},"minecraft:killed_by":{"minecraft:skeleton":1},"minecraft:custom":{"minecraft:time_since_rest":1499,"minecraft:deaths":2,"minecraft:sprint_one_cm":10011,"minecraft:play_time":4851,"minecraft:damage_taken":460,"minecraft:walk_one_cm":4454,"minecraft:sneak_time":51,"minecraft:walk_under_water_one_cm":44,"minecraft:mob_kills":2,"minecraft:drop":2,"minecraft:jump":81,"minecraft:damage_dealt":68,"minecraft:leave_game":1,"minecraft:walk_on_water_one_cm":353,"minecraft:time_since_death":1469,"minecraft:total_world_time":4851,"minecraft:swim_one_cm":950,"minecraft:fall_one_cm":6847,"minecraft:fly_one_cm":18186},"minecraft:mined":{"minecraft:dead_bush":1,"minecraft:sand":2},"minecraft:picked_up":{"minecraft:feather":1,"minecraft:chicken":1}},"DataVersion":3953}